Market,Medical,School,Park,Other PoI,Road,numElem,Percentage
0,0,0,0,0,1,210,34.48275862068966
0,0,0,0,1,0,3,0.49261083743842365
0,0,0,1,0,0,19,3.1198686371100166
0,0,1,0,0,0,179,29.39244663382594
0,0,1,0,1,0,10,1.6420361247947455
0,0,1,1,0,0,49,8.045977011494253
0,1,0,0,0,0,2,0.3284072249589491
1,0,0,0,0,0,69,11.330049261083744
1,0,0,1,0,0,41,6.732348111658457
1,0,1,0,0,0,7,1.1494252873563218
1,1,0,0,0,0,20,3.284072249589491
