poi,zone,tr_acc,tr_precision,tr_recall,tr_f1-score,te_acc,te_precision,te_recall,te_f1-score
Is_Bus_stop,54ft_test,0.918,0.9193149717514125,0.918,0.9179356615586621,0.8339456282145481,0.843070820393544,0.8339456282145481,0.8356201955113952
Is_Turn,54ft_test,0.9096385542168675,0.9115983606557377,0.9096385542168675,0.9095308630705817,0.8163115356355621,0.8425968594348054,0.8163115356355621,0.823200233029528
Is_Signal,54ft_test,0.9530842745438749,0.9547663044425302,0.9530842745438749,0.9530408529619757,0.9235855988243938,0.9553768083665852,0.9235855988243938,0.9343808797878308
Is_Congestion,54ft_test,0.8746205221615058,0.8784185055098266,0.8746205221615058,0.874305139204992,0.7759000734753857,0.9480501640646035,0.7759000734753857,0.8527330974233998
Is_Adhoc,54ft_test,0.8213068181818182,0.8226367992282235,0.8213068181818182,0.8211224748903889,0.7207935341660544,0.7198053619782169,0.7207935341660544,0.7200733174758874
