poi,zone,tr_acc,tr_precision,tr_recall,tr_f1-score,te_acc,te_precision,te_recall,te_f1-score
Is_Bus_stop,54ft_test,0.9216666666666666,0.9224118010837784,0.9216666666666666,0.9216321064256005,0.8383541513592946,0.8507045682522443,0.8383541513592946,0.840184714805784
Is_Turn,54ft_test,0.9110076670317634,0.9144744701694024,0.9110076670317634,0.910821186674045,0.8221895664952241,0.84815764940967,0.8221895664952241,0.8288578255725831
Is_Signal,54ft_test,0.9496090356211989,0.9526279194355471,0.9496090356211989,0.9495248723718275,0.9096252755326966,0.9514458211244162,0.9096252755326966,0.9240110290965375
Is_Congestion,54ft_test,0.8691560412871888,0.8720396614038425,0.8691560412871888,0.8689020113836293,0.7825128581925055,0.9482854357320688,0.7825128581925055,0.8568266520888912
Is_Adhoc,54ft_test,0.8238636363636364,0.8265625,0.8238636363636364,0.8234989648033126,0.7083027185892726,0.7093589885706045,0.7083027185892726,0.7087203393891356
