poi,zone,tr_acc,tr_precision,tr_recall,tr_f1-score,te_acc,te_precision,te_recall,te_f1-score
Is_Bus_stop,54ft_test,0.8706666666666667,0.8732171497307823,0.8706666666666667,0.8704453297099578,0.8214548126377663,0.8349896589931931,0.8214548126377663,0.8235267081021602
Is_Turn,54ft_test,0.8535049288061336,0.8588570965798327,0.8535049288061336,0.8529566599873942,0.8060249816311535,0.8563844502736878,0.8060249816311535,0.8156648552573215
Is_Signal,54ft_test,0.885968722849696,0.9046803645062828,0.885968722849696,0.8846351607841068,0.7545922116091109,0.9407121840589725,0.7545922116091109,0.8164031407894631
Is_Congestion,54ft_test,0.803885853066181,0.8081614281714246,0.803885853066181,0.8032032406037289,0.5767817781043351,0.9565541730695262,0.5767817781043351,0.7109900999856553
Is_Adhoc,54ft_test,0.8071022727272728,0.8079254683637398,0.8071022727272728,0.8069732652383651,0.6987509184423218,0.6968618861963539,0.6987509184423218,0.6959184813068896
