poi,zone,tr_acc,tr_precision,tr_recall,tr_f1-score,te_acc,te_precision,te_recall,te_f1-score
Is_Bus_stop,54ft_test,0.8036666666666666,0.8041696957501717,0.8036666666666666,0.8035854601663645,0.6620132255694342,0.6786382607300417,0.6620132255694342,0.6660518938561125
Is_Turn,54ft_test,0.8129791894852135,0.8156832939318726,0.8129791894852135,0.8125778306460745,0.5848640705363704,0.6483538384371067,0.5848640705363704,0.6057401106519292
Is_Signal,54ft_test,0.8864031277150304,0.894261645004341,0.8864031277150304,0.8858342328794994,0.7134459955914768,0.921358822059834,0.7134459955914768,0.7861961780870835
Is_Congestion,54ft_test,0.7874924104432302,0.7920614132492539,0.7874924104432302,0.786658031088083,0.8016164584864071,0.9507933981901008,0.8016164584864071,0.8686549076577073
Is_Adhoc,54ft_test,0.819034090909091,0.8231655733046347,0.819034090909091,0.8184538506375175,0.5980896399706098,0.5975709941826668,0.5980896399706098,0.5978145822251085
