poi,zone,tr_acc,tr_precision,tr_recall,tr_f1-score,te_acc,te_precision,te_recall,te_f1-score
Is_Bus_stop,54ft_test,0.92,0.9214505390999066,0.92,0.9199311051642659,0.8420279206465834,0.8505467220617009,0.8420279206465834,0.8435826905005248
Is_Turn,54ft_test,0.907447973713034,0.9113568978547758,0.907447973713034,0.9072275809406993,0.8155767817781043,0.8433482277643043,0.8155767817781043,0.8226924944977275
Is_Signal,54ft_test,0.9498262380538662,0.9522637940000869,0.9498262380538662,0.9497585417409229,0.9184423218221895,0.9541664010121901,0.9184423218221895,0.9305936757427626
Is_Congestion,54ft_test,0.8731026108075288,0.8779225492930767,0.8731026108075288,0.872696711489815,0.7590007347538574,0.948379131516611,0.7590007347538574,0.8421656533705026
Is_Adhoc,54ft_test,0.8380681818181818,0.8420545484239752,0.8380681818181818,0.8375950074063282,0.7222630418809699,0.7236354441798412,0.7222630418809699,0.7227605074836156
