start_time,end_time,score
,,0.7303103382513573
,,-0.9942683084197024
,,2.0
,,-2.0
