start_time,end_time,scores
08:04:52,08:10:42,-2.0
08:11:36,08:11:55,2.0
09:52:45,09:55:42,-0.9711676210520525
11:15:09,11:17:16,2.0
12:06:12,12:08:10,-0.9606061997867674
12:09:05,12:09:26,2.0
09:44:02,09:44:18,2.0
11:50:40,11:50:42,2.0
