start_time,end_time,scores
08:04:52,08:10:42,-2.0
09:52:45,09:55:42,-0.9715064234145585
11:15:09,11:17:16,2.0
12:06:12,12:08:10,-0.9606061997867674
