start_time,end_time,score
12:40:24,12:40:42,2.0
12:40:50,12:40:52,-2.0
16:19:13,16:19:18,-2.0
18:28:32,18:28:32,1.0
18:29:12,18:29:23,2.0
11:16:55,11:17:16,2.0
11:17:41,11:17:50,2.0
15:12:19,15:12:29,0.9992894699744821
15:12:36,15:12:54,-0.07642628699076807
