,poi_column,train_size,tr_acc,tr_precision,tr_recall,tr_f1-score,test_size,te_acc,te_precision,te_recall,te_f1-score
0,Is_Bus_stop,"3840>>{'Bus_stop': 1506, 'Not Bus_stop': 2334}",0.9450520833333333,0.9453174915088682,0.9450520833333333,0.945136340187985,"1769>>{'Bus_stop': 596, 'Not Bus_stop': 1173}",0.6489542114188808,0.6160611313999098,0.6489542114188808,0.6187483998348607
1,Is_Turn,"3840>>{'Not Turn': 2819, 'Turn': 1021}",0.9325520833333333,0.9319439074453411,0.9325520833333333,0.9321271288068923,"1769>>{'Not Turn': 1378, 'Turn': 391}",0.7309214245336348,0.678065208873575,0.7309214245336348,0.6969314698918134
2,Is_Signal,"3840>>{'Not Signal': 3576, 'Signal': 264}",0.98046875,0.9798602756750009,0.98046875,0.9796199697596566,"1769>>{'Not Signal': 1702, 'Signal': 67}",0.924816280384398,0.9242732291334382,0.924816280384398,0.9245446750157095
3,Is_Congestion,"3840>>{'Congestion': 865, 'Not Congestion': 2975}",0.8309895833333333,0.8376991384369435,0.8309895833333333,0.7963667099981755,"1769>>{'Congestion': 18, 'Not Congestion': 1751}",0.9236856981345393,0.9797120714774424,0.9236856981345393,0.9506829939172045
4,Is_Adhoc,"3840>>{'Adhoc': 1314, 'Not Adhoc': 2526}",0.79921875,0.8166825702190194,0.79921875,0.7794426873482764,"1769>>{'Adhoc': 953, 'Not Adhoc': 816}",0.5065008479366874,0.5469324209319159,0.5065008479366874,0.4649177840284595
