,poi_column,train_size,tr_acc,tr_precision,tr_recall,tr_f1-score,test_size,te_acc,te_precision,te_recall,te_f1-score
0,Is_Bus_stop,"3840>>{'Bus_stop': 1506, 'Not Bus_stop': 2334}",0.9026041666666667,0.9024969889732617,0.9026041666666667,0.9020253767997354,"1769>>{'Bus_stop': 596, 'Not Bus_stop': 1173}",0.671000565291125,0.6575744545802084,0.671000565291125,0.6616445924873573
1,Is_Turn,"3840>>{'Not Turn': 2819, 'Turn': 1021}",0.9270833333333334,0.9272568280908675,0.9270833333333334,0.9249898878917656,"1769>>{'Not Turn': 1378, 'Turn': 391}",0.7456189937817976,0.6784814963235261,0.7456189937817976,0.6982789091772598
2,Is_Signal,"3840>>{'Not Signal': 3576, 'Signal': 264}",0.9731770833333333,0.9735731292517008,0.9731770833333333,0.9702652419294951,"1769>>{'Not Signal': 1702, 'Signal': 67}",0.9570378745053703,0.9254991263682614,0.9570378745053703,0.941004311038787
3,Is_Congestion,"3840>>{'Congestion': 865, 'Not Congestion': 2975}",0.8479166666666667,0.8591430127732523,0.8479166666666667,0.8203895816882228,"1769>>{'Congestion': 18, 'Not Congestion': 1751}",0.964951950254381,0.9794961535625629,0.964951950254381,0.972169657592302
4,Is_Adhoc,"3840>>{'Adhoc': 1314, 'Not Adhoc': 2526}",0.83203125,0.8469258145533015,0.83203125,0.8192595539176527,"1769>>{'Adhoc': 953, 'Not Adhoc': 816}",0.5353306953080836,0.6353241721066548,0.5353306953080836,0.4716150156603442
