start_time,end_time,score
,,-2.0
,,-0.560488043568919
,,0.09697196786440505
,,-2.0
