start_time,end_time,score
,,-2.0
,,-2.0
,,-0.0060293798893930745
,,-2.0
,,-2.0
,,-0.9975493369690149
,,-2.0
,,-0.9842479062007922
,,-0.5769498103804866
