start_time,end_time,score
,,-2.0
,,-0.9989817897884253
,,-0.9968786603610343
,,2.0
,,-1.0002468729414717
,,-2.0
,,-2.0
,,-0.9710165517924372
