start_time,end_time,score
,,-1.0
,,2.0
,,-0.9956512027897944
,,-2.0
,,-2.0
,,2.0
,,-1.0045844049850363
,,-0.9987772571322615
,,-0.6624801353939263
