start_time,end_time,score
,,-2.0
,,2.0
,,2.0
,,-1.004058473433364
,,-0.2465969639416065
,,-0.9962911192023612
,,-2.0
,,-2.0
,,-0.986545404069456
