start_time,end_time,scores
08:44:06,08:44:09,-2.0
07:17:50,07:17:53,-2.0
08:47:04,08:50:51,-0.958465244745263
10:58:22,10:58:30,-2.0
17:00:26,17:00:26,-2.0
17:00:27,17:04:19,-1.7525894717410477e-101
