start_time,end_time,scores
19:13:04,19:13:06,-2.0
19:13:25,19:13:36,-0.560488043568919
15:36:43,15:37:04,1.0016150736734375
17:34:20,17:34:29,-2.0
