start_time,end_time,score
,,-2.0
,,2.0
,,1.000636658793043
,,-0.7613003866968737
,,-2.0
,,0.9989619827064607
