start_time,end_time,score
,,2.0
,,2.0
,,-2.0
,,-1.0015216243335425
,,0.9983713358651886
