start_time,end_time,score
,,-1.0
,,2.0
,,2.0
,,-2.0
,,-1.185064864233981e-27
,,2.0
,,-2.0
,,1.0
,,-2.0
,,-2.0
,,-2.0
,,0.998825295442871
,,-0.7351414805916845
