mfcc0,mfcc1,mfcc2,mfcc3,mfcc4
79.10723114013672,9.292034149169922,2.731367826461792,-5.578485012054443,-6.068101406097412
74.20226287841797,-1.0599777698516846,-4.17158317565918,-6.1317243576049805,-6.292738914489746
74.40460205078125,13.102766036987305,5.618788719177246,-1.4996345043182373,-2.214372396469116
74.4036865234375,9.946489334106445,1.368435263633728,-1.3775618076324463,-2.592081308364868
86.2302017211914,18.864669799804688,3.243237257003784,0.5123345851898193,-0.96430504322052
68.05657196044922,2.5755631923675537,2.5442404747009277,1.113198161125183,-0.5550252795219421
63.584815979003906,19.26633644104004,13.01807975769043,9.839296340942383,-1.7552112340927124
83.34679412841797,19.75044822692871,10.142403602600098,4.926758766174316,2.420116662979126
66.33872985839844,10.378016471862793,8.902287483215332,-0.046956244856119156,-0.8190212845802307
71.29230499267578,11.065454483032227,4.104000568389893,1.2379399538040161,-4.402915954589844
73.0481185913086,7.678505897521973,3.569591522216797,2.634219169616699,-0.7686176896095276
55.665035247802734,8.834609031677246,5.203787803649902,0.2043810933828354,-3.3890786170959473
70.73319244384766,20.312402725219727,11.730589866638184,-0.8257566094398499,-4.397289752960205
41.98500442504883,5.097169399261475,1.4980090856552124,-1.0112676620483398,-2.5026307106018066
58.98737335205078,8.716869354248047,4.4799909591674805,-0.45434197783470154,-1.5783292055130005
69.91610717773438,0.5737189650535583,-3.637333393096924,-4.552651882171631,-4.986727237701416
80.95549011230469,6.375523567199707,5.773050308227539,3.6366686820983887,-1.735870361328125
50.8570442199707,3.9714701175689697,2.9941396713256836,1.5231565237045288,-1.557543158531189
62.31381607055664,8.774091720581055,0.19572395086288452,-0.05745182931423187,-0.7308191061019897
99.64479064941406,21.422372817993164,17.487760543823242,0.29013752937316895,-2.732243776321411
68.63330078125,11.204364776611328,4.7054338455200195,-1.3690643310546875,-2.0179524421691895
65.52581787109375,5.452737808227539,2.206538438796997,-2.6323981285095215,-5.200235843658447
80.10443115234375,-0.49947768449783325,-2.440807819366455,-2.839712381362915,-5.278861999511719
75.4848861694336,0.7996599674224854,-2.6617496013641357,-5.6015095710754395,-5.611918926239014
