poi,tr_acc,tr_precision,tr_recall,tr_f1-score,te_acc,te_precision,te_recall,te_f1-score
Is_Bus_stop,0.9100817438692098,0.9106129319934853,0.9100817438692098,0.9100526538440514,0.8345370978332239,0.8452670756764833,0.8345370978332239,0.8368322303449873
Is_Turn,0.8748255002326664,0.877130321132328,0.8748255002326664,0.874633957509469,0.778069599474721,0.812607375272239,0.778069599474721,0.787828200221947
Is_Signal,0.9619544945915703,0.9627334680386935,0.9619544945915703,0.9619384762362877,0.93827971109652,0.9581577960182348,0.93827971109652,0.9452487175657561
Is_Congestion,0.837081589958159,0.8416460048967216,0.837081589958159,0.8365356160073995,0.7307944845699278,0.9468998951576562,0.7307944845699278,0.8239500060205829
Is_Adhoc,0.8337557019766852,0.8368798243232626,0.8337557019766852,0.8333693813946687,0.7170059093893631,0.716629392576145,0.7170059093893631,0.7166808594084173
