poi,tr_acc,tr_precision,tr_recall,tr_f1-score,te_acc,te_precision,te_recall,te_f1-score
Is_Bus_stop,0.6373333333333333,0.6377653655196028,0.6373333333333333,0.6370487795765213,0.6186627479794269,0.6265554877304106,0.6186627479794269,0.6216174014252547
Is_Turn,0.5898138006571741,0.5915859267958504,0.5898138006571741,0.5878199489052174,0.6377663482733285,0.6783648839566053,0.6377663482733285,0.6524864340946517
Is_Signal,0.7265421372719374,0.7317473971459287,0.7265421372719374,0.7249979374024536,0.7038941954445261,0.919674588388075,0.7038941954445261,0.7792544813044378
Is_Congestion,0.6281117182756527,0.6281367068818028,0.6281117182756527,0.628093586424289,0.8214548126377663,0.9505243008875869,0.8214548126377663,0.8804586913917066
Is_Adhoc,0.6144886363636364,0.6226883924478693,0.6144886363636364,0.6079378661495686,0.5657604702424688,0.5740211023450553,0.5657604702424688,0.5674775732114108
