poi,tr_acc,tr_precision,tr_recall,tr_f1-score,te_acc,te_precision,te_recall,te_f1-score
Is_Bus_stop,0.917,0.9177845064621345,0.917,0.9169610178111391,0.8479059515062454,0.8573676055298668,0.8479059515062454,0.8494750441983406
Is_Turn,0.9085432639649507,0.9126426168804103,0.9085432639649507,0.9083155566980707,0.8170462894930198,0.8459137516176815,0.8170462894930198,0.8242587608280021
Is_Signal,0.9502606429192006,0.9521042255042306,0.9502606429192006,0.9502098846070313,0.9206465833945628,0.9530432892499443,0.9206465833945628,0.9318570674719782
Is_Congestion,0.8773527625986642,0.8799434173696501,0.8773527625986642,0.8771433372046005,0.769287288758266,0.9506360091404259,0.769287288758266,0.8487339766384451
Is_Adhoc,0.8181818181818182,0.8205728678781823,0.8181818181818182,0.8178421540165288,0.7178545187362234,0.7186852047814165,0.7178545187362234,0.7181938333221106
