start_time,end_time,score
,,2.0
,,-0.999193981773907
,,-2.0
,,-2.0
,,-2.0
,,-1.0007849293160733
