start_time,end_time,score
12:51:17,12:51:27,-2.0
16:59:55,17:00:00,-0.6996725373751304
18:56:07,18:56:15,-2.0
18:19:33,18:19:35,-1.0007849293160733
