start_time,end_time,score
16:48:35,16:48:39,-0.7788007830714049
16:53:30,16:53:45,2.0
18:41:06,18:41:13,-2.0
16:14:57,16:15:22,1.0028527395526579
18:02:29,18:03:12,-2.0
