start_time,end_time,score
12:31:18,12:31:38,1.0
16:59:05,16:59:12,-0.9995638765216646
17:01:05,17:01:14,-0.9234431710765794
18:58:18,18:58:50,-2.0
18:59:40,18:59:48,-0.8521437889662113
19:00:05,19:00:16,-2.0
11:50:19,11:50:23,-2.0
11:51:05,11:51:09,-2.0
16:06:57,16:07:30,-0.9978521925672559
18:14:11,18:14:18,-0.6918258252705172
